,ContactID,Team Member,TimeFrom,TimeTo
0,E5D36EB9-0D94-4374-9ADA-8E1907388840,Abbey Smith,3/01/2022 0:00,4/01/2022 0:00
1,B8CD2BAD-0C81-444D-9409-174282382D46,Aden Kirkland,3/01/2022 0:00,4/01/2022 0:00
2,4E41E5F0-D04C-4995-BDDF-14FCC0074A40,Aaron Baker,3/01/2022 0:00,4/01/2022 0:00
3,817FA2A4-1643-40F0-B1B1-254ED03D0A56,Adam Jones1,3/01/2022 0:00,4/01/2022 0:00
4,817FA2A4-1643-40F0-B1B2-254ED03D0A57,Adam Jones2,3/01/2022 0:00,4/01/2022 0:00
5,817FA2A4-1643-40F0-B1B3-254ED03D0A58,Adam Jones3,3/01/2022 0:00,4/01/2022 0:00
6,817FA2A4-1643-40F0-B1B4-254ED03D0A59,Adam Jones4,3/01/2022 0:00,4/01/2022 0:00
7,817FA2A4-1643-40F0-B1B5-254ED03D0A60,Adam Jones5,3/01/2022 0:00,4/01/2022 0:00
8,817FA2A4-1643-40F0-B1B6-254ED03D0A61,Adam Jones6,3/01/2022 0:00,4/01/2022 0:00
9,817FA2A4-1643-40F0-B1B7-254ED03D0A62,Adam Jones7,3/01/2022 0:00,4/01/2022 0:00
10,817FA2A4-1643-40F0-B1B8-254ED03D0A63,Adam Jones8,3/01/2022 0:00,4/01/2022 0:00
11,817FA2A4-1643-40F0-B1B9-254ED03D0A64,Adam Jones9,3/01/2022 0:00,4/01/2022 0:00
12,817FA2A4-1643-40F0-B1B10-254ED03D0A65,Adam Jones10,3/01/2022 0:00,4/01/2022 0:00
13,817FA2A4-1643-40F0-B1B11-254ED03D0A66,Adam Jones11,3/01/2022 0:00,4/01/2022 0:00
4,CCE6F1B0-DFCE-45BF-B2E5-D900ED20182C,Abbey French,3/01/2022 0:00,4/01/2022 0:00
5,9C3E19DC-3666-4964-867A-FF5895F83038,Aidan Fenton,3/01/2022 0:00,4/01/2022 0:00
6,829DD9D4-C506-437E-9DE5-6E90D2053632,Alan Munroe,3/01/2022 0:00,4/01/2022 0:00
7,7C4FFBFE-F064-4D71-B585-29A7CED2269D,Ace Jumper,3/01/2022 0:00,4/01/2022 0:00
8,26BF86A5-E6F4-47DD-99B7-77101F1CFA5A,Amanda Burns,3/01/2022 0:00,4/01/2022 0:00
9,F4639561-DB63-4A0D-B97C-4C50EF71C40A,Owen Morgan,3/01/2022 4:00,3/01/2022 18:00
10,9673B449-5C0F-4B49-8D2B-F5AC2E6B76CC,Ronald Johns,3/01/2022 4:00,3/01/2022 18:00
11,92764A21-6456-432B-B126-FA53152BBC3D,Mandy Love,3/01/2022 4:00,3/01/2022 18:00
12,9CBEA724-DE2F-4C4E-9F4E-C0A1E205F2B1,Michelle Jones,3/01/2022 4:00,3/01/2022 18:00
13,8745C5FB-A941-43BE-9473-63FE6CCA809E,Manny Pool,3/01/2022 4:00,3/01/2022 18:00
14,DB9AE1B1-E84B-4F51-901C-1BCF58B50E34,Ravi Vyas,3/01/2022 4:00,3/01/2022 18:00
15,4EB82AAC-4602-4DA6-9348-DDD84DEFB287,Quinten Strange,3/01/2022 4:00,3/01/2022 18:00
16,817FA2A4-1643-40F0-B1BA-254ED03D0A56,Adam Jones,4/01/2022 0:00,5/01/2022 0:00
17,CCE6F1B0-DFCE-45BF-B2E5-D900ED20182C,Abbey French,4/01/2022 0:00,5/01/2022 0:00
18,7C4FFBFE-F064-4D71-B585-29A7CED2269D,Ace Jumper,4/01/2022 0:00,5/01/2022 0:00
19,E5D36EB9-0D94-4374-9ADA-8E1907388840,Abbey Smith,4/01/2022 0:00,5/01/2022 0:00
20,4E41E5F0-D04C-4995-BDD1-14FCC0074A40,Aaron Baker1,4/01/2022 0:00,5/01/2022 0:00
21,4E41E5F0-D04C-4995-BDD2-14FCC0074A41,Aaron Baker2,4/01/2022 0:00,5/01/2022 0:00
22,4E41E5F0-D04C-4995-BDD3-14FCC0074A42,Aaron Baker3,4/01/2022 0:00,5/01/2022 0:00
23,4E41E5F0-D04C-4995-BDD4-14FCC0074A43,Aaron Baker4,4/01/2022 0:00,5/01/2022 0:00
24,4E41E5F0-D04C-4995-BDD5-14FCC0074A44,Aaron Baker5,4/01/2022 0:00,5/01/2022 0:00
25,4E41E5F0-D04C-4995-BDD6-14FCC0074A45,Aaron Baker6,4/01/2022 0:00,5/01/2022 0:00
26,4E41E5F0-D04C-4995-BDD7-14FCC0074A46,Aaron Baker7,4/01/2022 0:00,5/01/2022 0:00
27,4E41E5F0-D04C-4995-BDD8-14FCC0074A47,Aaron Baker8,4/01/2022 0:00,5/01/2022 0:00
28,4E41E5F0-D04C-4995-BDD9-14FCC0074A48,Aaron Baker9,4/01/2022 0:00,5/01/2022 0:00
29,4E41E5F0-D04C-4995-BDD10-14FCC0074A49,Aaron Baker10,4/01/2022 0:00,5/01/2022 0:00
30,4E41E5F0-D04C-4995-BDD11-14FCC0074A50,Aaron Baker11,4/01/2022 0:00,5/01/2022 0:00
21,9C3E19DC-3666-4964-867A-FF5895F83038,Aidan Fenton,4/01/2022 0:00,5/01/2022 0:00
22,B8CD2BAD-0C81-444D-9409-174282382D46,Aden Kirkland,4/01/2022 0:00,5/01/2022 0:00
23,26BF86A5-E6F4-47DD-99B7-77101F1CFA5A,Amanda Burns,4/01/2022 0:00,5/01/2022 0:00
24,829DD9D4-C506-437E-9DE5-6E90D2053632,Alan Munroe,4/01/2022 0:00,5/01/2022 0:00
25,9673B449-5C0F-4B49-8D2B-F5AC2E6B76CC,Ronald Johns,4/01/2022 4:00,4/01/2022 18:00
26,92764A21-6456-432B-B126-FA53152BBC3D,Mandy Love,4/01/2022 4:00,4/01/2022 18:00
27,F4639561-DB63-4A0D-B97C-4C50EF71C40A,Owen Morgan,4/01/2022 4:00,4/01/2022 18:00
28,4EB82AAC-4602-4DA6-9348-DDD84DEFB287,Quinten Strange,4/01/2022 4:00,4/01/2022 18:00
29,8745C5FB-A941-43BE-9473-63FE6CCA809E,Manny Pool,4/01/2022 4:00,4/01/2022 18:00
30,9CBEA724-DE2F-4C4E-9F4E-C0A1E205F2B1,Michelle Jones,4/01/2022 4:00,4/01/2022 18:00
31,DB9AE1B1-E84B-4F51-901C-1BCF58B50E34,Ravi Vyas,4/01/2022 4:00,4/01/2022 18:00
32,E5D36EB9-0D94-4374-9ADA-8E1907388840,Abbey Smith,5/01/2022 0:00,6/01/2022 0:00
33,4E41E5F0-D04C-4995-BDDF-14FCC0074A40,Aaron Baker,5/01/2022 0:00,6/01/2022 0:00
34,7C4FFBFE-F064-4D71-B585-29A7CED2269D,Ace Jumper1,5/01/2022 0:00,6/01/2022 0:00
35,7C4FFBFE-F064-4D72-B585-29A7CED2269D,Ace Jumper2,5/01/2022 0:00,6/01/2022 0:00
36,7C4FFBFE-F064-4D73-B585-29A7CED2269D,Ace Jumper3,5/01/2022 0:00,6/01/2022 0:00
37,7C4FFBFE-F064-4D74-B585-29A7CED2269D,Ace Jumper4,5/01/2022 0:00,6/01/2022 0:00
38,7C4FFBFE-F064-4D75-B585-29A7CED2269D,Ace Jumper5,5/01/2022 0:00,6/01/2022 0:00
39,7C4FFBFE-F064-4D76-B585-29A7CED2269D,Ace Jumper6,5/01/2022 0:00,6/01/2022 0:00
40,7C4FFBFE-F064-4D77-B585-29A7CED2269D,Ace Jumper7,5/01/2022 0:00,6/01/2022 0:00
41,7C4FFBFE-F064-4D78-B585-29A7CED2269D,Ace Jumper8,5/01/2022 0:00,6/01/2022 0:00
42,7C4FFBFE-F064-4D79-B585-29A7CED2269D,Ace Jumper9,5/01/2022 0:00,6/01/2022 0:00
43,7C4FFBFE-F064-4D710-B585-29A7CED2269D,Ace Jumper10,5/01/2022 0:00,6/01/2022 0:00
44,7C4FFBFE-F064-4D711-B585-29A7CED2269D,Ace Jumper11,5/01/2022 0:00,6/01/2022 0:00
35,817FA2A4-1643-40F0-B1BA-254ED03D0A56,Adam Jones,5/01/2022 0:00,6/01/2022 0:00
36,26BF86A5-E6F4-47DD-99B7-77101F1CFA5A,Amanda Burns,5/01/2022 0:00,6/01/2022 0:00
37,9C3E19DC-3666-4964-867A-FF5895F83038,Aidan Fenton,5/01/2022 0:00,6/01/2022 0:00
38,B8CD2BAD-0C81-444D-9409-174282382D46,Aden Kirkland,5/01/2022 0:00,6/01/2022 0:00
39,CCE6F1B0-DFCE-45BF-B2E5-D900ED20182C,Abbey French,5/01/2022 0:00,6/01/2022 0:00
40,829DD9D4-C506-437E-9DE5-6E90D2053632,Alan Munroe,5/01/2022 0:00,6/01/2022 0:00
41,9673B449-5C0F-4B49-8D2B-F5AC2E6B76CC,Ronald Johns,5/01/2022 4:00,5/01/2022 18:00
42,4EB82AAC-4602-4DA6-9348-DDD84DEFB287,Quinten Strange,5/01/2022 4:00,5/01/2022 18:00
43,DB9AE1B1-E84B-4F51-901C-1BCF58B50E34,Ravi Vyas,5/01/2022 4:00,5/01/2022 18:00
44,8745C5FB-A941-43BE-9473-63FE6CCA809E,Manny Pool,5/01/2022 4:00,5/01/2022 18:00
45,92764A21-6456-432B-B126-FA53152BBC3D,Mandy Love,5/01/2022 4:00,5/01/2022 18:00
46,9CBEA724-DE2F-4C4E-9F4E-C0A1E205F2B1,Michelle Jones,5/01/2022 4:00,5/01/2022 18:00
47,F4639561-DB63-4A0D-B97C-4C50EF71C40A,Owen Morgan,5/01/2022 4:00,5/01/2022 18:00
48,7C4FFBFE-F064-4D71-B585-29A7CED2269D,Ace Jumper,6/01/2022 0:00,7/01/2022 0:00
49,E5D36EB9-0D94-4374-9ADA-8E1907388840,Abbey Smith,6/01/2022 0:00,7/01/2022 0:00
50,B8CD2BAD-0C81-4441-9409-174282382D46,Aden Kirkland1,6/01/2022 0:00,7/01/2022 0:00
51,B8CD2BAD-0C81-4442-9409-174282382D47,Aden Kirkland2,6/01/2022 0:00,7/01/2022 0:00
52,B8CD2BAD-0C81-4443-9409-174282382D48,Aden Kirkland3,6/01/2022 0:00,7/01/2022 0:00
53,B8CD2BAD-0C81-4444-9409-174282382D49,Aden Kirkland4,6/01/2022 0:00,7/01/2022 0:00
54,B8CD2BAD-0C81-4445-9409-174282382D50,Aden Kirkland5,6/01/2022 0:00,7/01/2022 0:00
55,B8CD2BAD-0C81-4446-9409-174282382D51,Aden Kirkland6,6/01/2022 0:00,7/01/2022 0:00
56,B8CD2BAD-0C81-4447-9409-174282382D52,Aden Kirkland7,6/01/2022 0:00,7/01/2022 0:00
57,B8CD2BAD-0C81-4448-9409-174282382D53,Aden Kirkland8,6/01/2022 0:00,7/01/2022 0:00
58,B8CD2BAD-0C81-4449-9409-174282382D54,Aden Kirkland9,6/01/2022 0:00,7/01/2022 0:00
59,B8CD2BAD-0C81-44410-9409-174282382D55,Aden Kirkland10,6/01/2022 0:00,7/01/2022 0:00
60,B8CD2BAD-0C81-44411-9409-174282382D56,Aden Kirkland11,6/01/2022 0:00,7/01/2022 0:00
51,9C3E19DC-3666-4964-867A-FF5895F83038,Aidan Fenton,6/01/2022 0:00,7/01/2022 0:00
52,817FA2A4-1643-40F0-B1BA-254ED03D0A56,Adam Jones,6/01/2022 0:00,7/01/2022 0:00
53,26BF86A5-E6F4-47DD-99B7-77101F1CFA5A,Amanda Burns,6/01/2022 0:00,7/01/2022 0:00
54,4E41E5F0-D04C-4995-BDDF-14FCC0074A40,Aaron Baker,6/01/2022 0:00,7/01/2022 0:00
55,CCE6F1B0-DFCE-45BF-B2E5-D900ED20182C,Abbey French,6/01/2022 0:00,7/01/2022 0:00
56,829DD9D4-C506-437E-9DE5-6E90D2053632,Alan Munroe,6/01/2022 0:00,7/01/2022 0:00
57,DFD38BDE-9BFB-4265-96E7-2AA13095A616,Ian Foster,6/01/2022 14:00,6/01/2022 22:00
58,53FD97B1-8E92-4A1D-990F-F16360AD9EEA,John Bannerman,6/01/2022 14:00,6/01/2022 22:00
59,2797BD61-D136-4322-B977-A40E51A2D327,John Reason,6/01/2022 14:00,6/01/2022 22:00
60,D90A51DA-38D4-465E-99AA-F740A04AB2E8,Khanh Coder,6/01/2022 14:00,6/01/2022 22:00
61,34352998-500B-47CB-B163-E16F11B94256,Luke Hunter,6/01/2022 14:00,6/01/2022 22:00
62,21FA0B01-4305-468A-B3B6-FC665498E929,James Brown,6/01/2022 14:00,6/01/2022 22:00
63,64F3718F-9FD2-444B-96FD-1DCDA0C8091D,Luke Thoms,6/01/2022 14:00,6/01/2022 22:00
64,2F826996-742C-4C31-BDAA-D1A8176293EE,Jenny Jameson,6/01/2022 14:00,6/01/2022 22:00
65,0960C092-2944-4CED-97B2-15EED4F8E2A3,Luke Ready,6/01/2022 14:00,6/01/2022 22:00
66,CA1EFE53-5099-4339-AD29-3FF2D23D4F13,Kirk Jordan,6/01/2022 14:00,6/01/2022 22:00
67,26BF86A5-E6F4-47DD-99B7-77101F1CFA5A,Amanda Burns,7/01/2022 0:00,8/01/2022 0:00
68,B8CD2BAD-0C81-444D-9409-174282382D46,Aden Kirkland,7/01/2022 0:00,8/01/2022 0:00
69,817FA2A4-1643-40F0-B1BA-254ED03D0A56,Adam Jones,7/01/2022 0:00,8/01/2022 0:00
70,9C3E19DC-3666-4964-867A-FF5895F83038,Aidan Fenton,7/01/2022 0:00,8/01/2022 0:00
71,CCE6F1B0-DFCE-45B1-B2E5-D900ED20182C,Abbey French1,7/01/2022 0:00,8/01/2022 0:00
72,CCE6F1B0-DFCE-45B2-B2E5-D900ED20182C,Abbey French2,7/01/2022 0:00,8/01/2022 0:00
73,CCE6F1B0-DFCE-45B3-B2E5-D900ED20182C,Abbey French3,7/01/2022 0:00,8/01/2022 0:00
74,CCE6F1B0-DFCE-45B4-B2E5-D900ED20182C,Abbey French4,7/01/2022 0:00,8/01/2022 0:00
75,CCE6F1B0-DFCE-45B5-B2E5-D900ED20182C,Abbey French5,7/01/2022 0:00,8/01/2022 0:00
76,CCE6F1B0-DFCE-45B6-B2E5-D900ED20182C,Abbey French6,7/01/2022 0:00,8/01/2022 0:00
77,CCE6F1B0-DFCE-45B7-B2E5-D900ED20182C,Abbey French7,7/01/2022 0:00,8/01/2022 0:00
78,CCE6F1B0-DFCE-45B8-B2E5-D900ED20182C,Abbey French8,7/01/2022 0:00,8/01/2022 0:00
79,CCE6F1B0-DFCE-45B9-B2E5-D900ED20182C,Abbey French9,7/01/2022 0:00,8/01/2022 0:00
80,CCE6F1B0-DFCE-45B10-B2E5-D900ED20182C,Abbey French10,7/01/2022 0:00,8/01/2022 0:00
81,CCE6F1B0-DFCE-45B11-B2E5-D900ED20182C,Abbey French11,7/01/2022 0:00,8/01/2022 0:00
72,E5D36EB9-0D94-4374-9ADA-8E1907388840,Abbey Smith,7/01/2022 0:00,8/01/2022 0:00
73,829DD9D4-C506-437E-9DE5-6E90D2053632,Alan Munroe,7/01/2022 0:00,8/01/2022 0:00
74,4E41E5F0-D04C-4995-BDDF-14FCC0074A40,Aaron Baker,7/01/2022 0:00,8/01/2022 0:00
75,7C4FFBFE-F064-4D71-B585-29A7CED2269D,Ace Jumper,7/01/2022 0:00,8/01/2022 0:00
76,53FD97B1-8E92-4A1D-990F-F16360AD9EEA,John Bannerman,7/01/2022 14:00,7/01/2022 22:00
77,CA1EFE53-5099-4339-AD29-3FF2D23D4F13,Kirk Jordan,7/01/2022 14:00,7/01/2022 22:00
78,2F826996-742C-4C31-BDAA-D1A8176293EE,Jenny Jameson,7/01/2022 14:00,7/01/2022 22:00
79,34352998-500B-47CB-B163-E16F11B94256,Luke Hunter,7/01/2022 14:00,7/01/2022 22:00
80,2797BD61-D136-4322-B977-A40E51A2D327,John Reason,7/01/2022 14:00,7/01/2022 22:00
81,64F3718F-9FD2-444B-96FD-1DCDA0C8091D,Luke Thoms,7/01/2022 14:00,7/01/2022 22:00
82,DFD38BDE-9BFB-4265-96E7-2AA13095A616,Ian Foster,7/01/2022 14:00,7/01/2022 22:00
83,D90A51DA-38D4-465E-99AA-F740A04AB2E8,Khanh Coder,7/01/2022 14:00,7/01/2022 22:00
84,0960C092-2944-4CED-97B2-15EED4F8E2A3,Luke Ready,7/01/2022 14:00,7/01/2022 22:00
85,21FA0B01-4305-468A-B3B6-FC665498E929,James Brown,7/01/2022 14:00,7/01/2022 22:00
86,817FA2A4-1643-40F0-B1BA-254ED03D0A56,Adam Jones,8/01/2022 0:00,9/01/2022 0:00
87,B8CD2BAD-0C81-444D-9409-174282382D46,Aden Kirkland,8/01/2022 0:00,9/01/2022 0:00
88,CCE6F1B0-DFCE-45BF-B2E5-D900ED20182C,Abbey French,8/01/2022 0:00,9/01/2022 0:00
89,4E41E5F0-D04C-4995-BDD1-14FCC0074A40,Aaron Baker1,8/01/2022 0:00,9/01/2022 0:00
90,4E41E5F0-D04C-4995-BDD2-14FCC0074A41,Aaron Baker2,8/01/2022 0:00,9/01/2022 0:00
91,4E41E5F0-D04C-4995-BDD3-14FCC0074A42,Aaron Baker3,8/01/2022 0:00,9/01/2022 0:00
92,4E41E5F0-D04C-4995-BDD4-14FCC0074A43,Aaron Baker4,8/01/2022 0:00,9/01/2022 0:00
93,4E41E5F0-D04C-4995-BDD5-14FCC0074A44,Aaron Baker5,8/01/2022 0:00,9/01/2022 0:00
94,4E41E5F0-D04C-4995-BDD6-14FCC0074A45,Aaron Baker6,8/01/2022 0:00,9/01/2022 0:00
95,4E41E5F0-D04C-4995-BDD7-14FCC0074A46,Aaron Baker7,8/01/2022 0:00,9/01/2022 0:00
96,4E41E5F0-D04C-4995-BDD8-14FCC0074A47,Aaron Baker8,8/01/2022 0:00,9/01/2022 0:00
97,4E41E5F0-D04C-4995-BDD9-14FCC0074A48,Aaron Baker9,8/01/2022 0:00,9/01/2022 0:00
98,4E41E5F0-D04C-4995-BDD10-14FCC0074A49,Aaron Baker10,8/01/2022 0:00,9/01/2022 0:00
99,4E41E5F0-D04C-4995-BDD11-14FCC0074A50,Aaron Baker11,8/01/2022 0:00,9/01/2022 0:00
90,26BF86A5-E6F4-47DD-99B7-77101F1CFA5A,Amanda Burns,8/01/2022 0:00,9/01/2022 0:00
91,E5D36EB9-0D94-4374-9ADA-8E1907388840,Abbey Smith,8/01/2022 0:00,9/01/2022 0:00
92,7C4FFBFE-F064-4D71-B585-29A7CED2269D,Ace Jumper,8/01/2022 0:00,9/01/2022 0:00
93,9C3E19DC-3666-4964-867A-FF5895F83038,Aidan Fenton,8/01/2022 0:00,9/01/2022 0:00
94,829DD9D4-C506-437E-9DE5-6E90D2053632,Alan Munroe,8/01/2022 0:00,9/01/2022 0:00
95,CD34EC19-BCAB-4959-88F0-2088ED201FA8,Andrews Evans,8/01/2022 10:00,8/01/2022 20:00
96,4AC8EE58-5096-4EC5-B439-BA500B3A4156,Chris Oxenhan,8/01/2022 10:00,8/01/2022 20:00
97,713B24EE-7B31-4267-B30F-5B6A80114E9A,Brad Moretan,8/01/2022 10:00,8/01/2022 20:00
98,94C2BDDA-5E5E-4DA1-BB0F-9B988BEFF62B,Andrew Evans,8/01/2022 10:00,8/01/2022 20:00
99,F773937D-2B29-498E-9F16-DBD6C39E327D,Fred  Tremain,8/01/2022 10:00,8/01/2022 20:00
100,D9826D86-A95E-4388-BE46-90051399B297,Amanda Lobe,8/01/2022 10:00,8/01/2022 20:00
101,72700B73-0CEF-4240-873B-02ED64394BFC,Andrew Hodgetts,8/01/2022 10:00,8/01/2022 20:00
102,43C5B72F-C1D4-4F04-BD7E-158890106768,Edward Norman,8/01/2022 10:00,8/01/2022 20:00
103,6B0A4CE9-3229-432D-989A-25E5F8E7743D,Briney Bindle,8/01/2022 10:00,8/01/2022 20:00
104,6CB927A1-3A91-4074-95DF-3E03DB507301,Henry Johns,8/01/2022 10:00,8/01/2022 20:00
105,CA1EFE53-5099-4339-AD29-3FF2D23D4F13,Kirk Jordan,8/01/2022 14:00,8/01/2022 22:00
106,2F826996-742C-4C31-BDAA-D1A8176293EE,Jenny Jameson,8/01/2022 14:00,8/01/2022 22:00
107,21FA0B01-4305-468A-B3B6-FC665498E929,James Brown,8/01/2022 14:00,8/01/2022 22:00
108,2797BD61-D136-4322-B977-A40E51A2D327,John Reason,8/01/2022 14:00,8/01/2022 22:00
109,DFD38BDE-9BFB-4265-96E7-2AA13095A616,Ian Foster,8/01/2022 14:00,8/01/2022 22:00
110,34352998-500B-47CB-B163-E16F11B94256,Luke Hunter,8/01/2022 14:00,8/01/2022 22:00
111,D90A51DA-38D4-465E-99AA-F740A04AB2E8,Khanh Coder,8/01/2022 14:00,8/01/2022 22:00
112,53FD97B1-8E92-4A1D-990F-F16360AD9EEA,John Bannerman,8/01/2022 14:00,8/01/2022 22:00
113,0960C092-2944-4CED-97B2-15EED4F8E2A3,Luke Ready,8/01/2022 14:00,8/01/2022 22:00
114,64F3718F-9FD2-444B-96FD-1DCDA0C8091D,Luke Thoms,8/01/2022 14:00,8/01/2022 22:00
115,E5D36EB9-0D94-4374-9ADA-8E1907388840,Abbey Smith,9/01/2022 0:00,10/01/2022 0:00
116,CCE6F1B0-DFCE-45BF-B2E5-D900ED20182C,Abbey French,9/01/2022 0:00,10/01/2022 0:00
117,4E41E5F0-D04C-4995-BDDF-14FCC0074A40,Aaron Baker,9/01/2022 0:00,10/01/2022 0:00
118,B8CD2BAD-0C81-444D-9409-174282382D46,Aden Kirkland,9/01/2022 0:00,10/01/2022 0:00
119,829DD9D4-C506-437E-9DE5-6E90D2053632,Alan Munroe,9/01/2022 0:00,10/01/2022 0:00
120,9C3E19DC-3666-4964-8671-FF5895F83038,Aidan Fenton1,9/01/2022 0:00,10/01/2022 0:00
121,9C3E19DC-3666-4964-8672-FF5895F83039,Aidan Fenton2,9/01/2022 0:00,10/01/2022 0:00
122,9C3E19DC-3666-4964-8673-FF5895F83040,Aidan Fenton3,9/01/2022 0:00,10/01/2022 0:00
123,9C3E19DC-3666-4964-8674-FF5895F83041,Aidan Fenton4,9/01/2022 0:00,10/01/2022 0:00
124,9C3E19DC-3666-4964-8675-FF5895F83042,Aidan Fenton5,9/01/2022 0:00,10/01/2022 0:00
125,9C3E19DC-3666-4964-8676-FF5895F83043,Aidan Fenton6,9/01/2022 0:00,10/01/2022 0:00
126,9C3E19DC-3666-4964-8677-FF5895F83044,Aidan Fenton7,9/01/2022 0:00,10/01/2022 0:00
127,9C3E19DC-3666-4964-8678-FF5895F83045,Aidan Fenton8,9/01/2022 0:00,10/01/2022 0:00
128,9C3E19DC-3666-4964-8679-FF5895F83046,Aidan Fenton9,9/01/2022 0:00,10/01/2022 0:00
129,9C3E19DC-3666-4964-86710-FF5895F83047,Aidan Fenton10,9/01/2022 0:00,10/01/2022 0:00
130,9C3E19DC-3666-4964-86711-FF5895F83048,Aidan Fenton11,9/01/2022 0:00,10/01/2022 0:00
121,7C4FFBFE-F064-4D71-B585-29A7CED2269D,Ace Jumper,9/01/2022 0:00,10/01/2022 0:00
122,26BF86A5-E6F4-47DD-99B7-77101F1CFA5A,Amanda Burns,9/01/2022 0:00,10/01/2022 0:00
123,817FA2A4-1643-40F0-B1BA-254ED03D0A56,Adam Jones,9/01/2022 0:00,10/01/2022 0:00
124,F773937D-2B29-498E-9F16-DBD6C39E327D,Fred  Tremain,9/01/2022 10:00,9/01/2022 20:00
125,72700B73-0CEF-4240-873B-02ED64394BFC,Andrew Hodgetts,9/01/2022 10:00,9/01/2022 20:00
126,6CB927A1-3A91-4074-95DF-3E03DB507301,Henry Johns,9/01/2022 10:00,9/01/2022 20:00
127,6B0A4CE9-3229-432D-989A-25E5F8E7743D,Briney Bindle,9/01/2022 10:00,9/01/2022 20:00
128,4AC8EE58-5096-4EC5-B439-BA500B3A4156,Chris Oxenhan,9/01/2022 10:00,9/01/2022 20:00
129,CD34EC19-BCAB-4959-88F0-2088ED201FA8,Andrews Evans,9/01/2022 10:00,9/01/2022 20:00
130,94C2BDDA-5E5E-4DA1-BB0F-9B988BEFF62B,Andrew Evans,9/01/2022 10:00,9/01/2022 20:00
131,D9826D86-A95E-4388-BE46-90051399B297,Amanda Lobe,9/01/2022 10:00,9/01/2022 20:00
132,713B24EE-7B31-4267-B30F-5B6A80114E9A,Brad Moretan,9/01/2022 10:00,9/01/2022 20:00
133,43C5B72F-C1D4-4F04-BD7E-158890106768,Edward Norman,9/01/2022 10:00,9/01/2022 20:00
